title,date,subject,gilligan_related,url,author,section,subject_type,notes
Gilligan's Island And Gunsmoke Shared The Last Set You'd Ever Expect,2026-02-08T22:00:00+00:00,Gilligan's Island,yes,https://www.slashfilm.com/2091529/gilligans-island-gunsmoke-shared-set-lagoon/,,,,Gilligan-related; manual review required
Gilligan's Island's Stars Once Killed A Fish To Make A Point To Network Execs,2026-02-15T00:45:00+00:00,Bob Denver,yes,https://www.slashfilm.com/2093341/gilligans-island-bob-denver-killed-fish-network-execs-water-lagoon/,,,,Gilligan-related; manual review required
A CSI Star Played Gilligan's Island's Bob Denver In A Forgotten Movie About The Sitcom,2026-02-22T18:45:00+00:00,Bob Denver,yes,https://www.slashfilm.com/2100410/csi-jon-wellner-bob-denver-forgotten-movie-surviving-gilligans-island/,,,,Gilligan-related; manual review required
A Gilligan's Island Star Was Shot Down Over A Tropical Island In WWII,2026-02-26T01:00:00+00:00,Russell Johnson,yes,https://www.slashfilm.com/2110318/gilligans-island-star-russell-johnson-shot-down-tropical-island-world-war-ii/,,,,Gilligan-related; manual review required
Gilligan's Island Creator Made A Bold Claim About The Show's Educational Value,2026-03-09T23:45:00+00:00,Gilligan's Island,yes,https://www.slashfilm.com/2115207/gilligans-island-creator-claim-taught-students-science-better-teachers/,,,,Gilligan-related; manual review required
Gilligan's Island's Russell Johnson Hated Making A Classic Western With Ronald Reagan,2026-04-08T00:45:00+00:00,Russell Johnson,yes,https://www.slashfilm.com/2138155/gilligans-island-russell-johnson-hated-western-ronald-reagan-law-and-order/,,,,Gilligan-related; manual review required
The Pitt Season 2's Gilligan's Island Reference Explained,2026-04-10T12:30:00+00:00,Gilligan's Island,yes,https://www.slashfilm.com/2144572/the-pitt-season-2-gilligans-island-reference-explained/,,,,Gilligan-related; manual review required
Gilligan's Island Nearly Cast This Sitcom Legend As The S.S. Minnow's Skipper (According To Russell Johnson),2026-04-14T21:00:00+00:00,Russell Johnson,yes,https://www.slashfilm.com/2143540/gilligans-island-almost-cast-sitcom-legend-carroll-oconnor-skipper/,,,,Gilligan-related; manual review required
"After Gilligan's Island, Alan Hale Jr. Appeared In One Of Clint Eastwood's Most Important Westerns",2026-04-22T00:00:00+00:00,Alan Hale Jr.,yes,https://www.slashfilm.com/2150662/gilligans-island-alan-hale-jr-clint-eastwood-western-hang-em-high/,,,,Gilligan-related; manual review required
"Before Gilligan's Island, Jim Backus Gave An Acting Masterclass In A James Dean Drama",2026-04-26T23:00:00+00:00,Jim Backus,yes,https://www.slashfilm.com/2154848/gilligans-island-jim-backus-james-dean-rebel-without-a-cause/,,,,Gilligan-related; manual review required
Gilligan's Island Has A Harmonious Connection To Star Wars And Jurassic Park,2026-04-28T21:00:00+00:00,Gilligan's Island,yes,https://www.slashfilm.com/2156013/gilligans-island-star-wars-jurassic-park-connection-john-williams/,,,,Gilligan-related; manual review required
"Before Gilligan's Island, Jim Backus Starred In An Early Career Clint Eastwood Movie",2026-05-02T00:45:00+00:00,Jim Backus,yes,https://www.slashfilm.com/2159742/gilligans-island-jim-backus-clint-eastwood-francis-in-the-navy/,,,,Gilligan-related; manual review required
"Years After Gilligan's Island, Alan Hale Jr. Starred In A Bizarre Cult Sci-Fi Movie About Spiders",2026-05-03T16:20:00+00:00,Alan Hale Jr.,yes,https://www.slashfilm.com/2155077/gilligans-island-alan-hale-jr-cult-sci-fi-movie-the-giant-spider-invasion/,,,,Gilligan-related; manual review required
"Decades After Gilligan's Island, Bob Denver And Alan Hale Jr. Reunited In This Forgotten '80s Comedy",2026-05-03T21:00:00+00:00,Alan Hale Jr.,yes,https://www.slashfilm.com/2156202/gilligans-island-bob-denver-alan-hale-jr-80s-comedy-back-to-the-beach/,,,,Gilligan-related; manual review required
"Years After Gilligan's Island, Bob Denver And Dawn Wells Starred In A Charming Michael J. Fox Movie",2026-05-05T18:45:00+00:00,Bob Denver,yes,https://www.slashfilm.com/2161685/gilligans-island-bob-denver-dawn-wells-michael-j-fox-movie-high-school-usa/,,,,Gilligan-related; manual review required
Bob Denver And The Creator Of Gilligan's Island Teamed Up For A Sci-Fi Comedy That Missed The Mark,2026-05-12T10:45:00+00:00,Bob Denver,yes,https://www.slashfilm.com/2159856/gilligans-island-sherwood-schwartz-bob-denver-sci-fi-comedy-the-invisible-woman/,,,,Gilligan-related; manual review required
Gilligan's Island's Entire First Season Included An Unintended Homage To JFK,2026-05-23T16:00:00+00:00,Gilligan's Island,yes,https://www.slashfilm.com/2178958/gilligans-island-first-season-homage-jfk/,,,,Gilligan-related; manual review required
"Before Gilligan's Island, Alan Hale Jr. Headlined His Own Western TV Series With A Unique Premise",2026-05-26T18:00:00+00:00,Alan Hale Jr.,yes,https://www.slashfilm.com/2180762/gilligans-island-alan-hale-jr-western-tv-series-casey-jones/,,,,Gilligan-related; manual review required
Alan Hale Jr. And His Dad Played The Same Character - 40 Years Apart - SlashFilm,2026-05-31T10:45:00+00:00,Alan Hale Jr.,yes,https://www.slashfilm.com/2183508/alan-hale-jr-dad-played-same-character-porthos/,,,,Gilligan-related; manual review required
A Company Now Banned From TV Advertising Helped Save Gilligan,2026-06-02T17:00:00+00:00,Gilligan's Island,yes,https://www.slashfilm.com/2185330/gilligans-island-saved-from-meddling-banned-company-philip-morris/,,,,Gilligan-related; manual review required
Alan Hale Jr. And Jim Backus Had A Mini Gilligan's Island Reunion In This 1979 Action Comedy,2026-06-02T22:00:00+00:00,Alan Hale Jr.,yes,https://www.slashfilm.com/2186124/alan-hale-jr-jim-backus-gilligans-island-reunion-1979-action-comedy-angels-revenge/,,,,Gilligan-related; manual review required
Gilligan's Island Fans (Almost) Unanimously Agree This Is The Sitcom's Best Character,2026-06-03T16:00:00+00:00,Gilligan's Island,yes,https://www.slashfilm.com/2185379/gilligans-island-fans-agree-sitcom-best-character-mary-ann/,,,,Gilligan-related; manual review required
Alan Hale Jr. Had A Small Role In A Kirk Douglas Western That,2026-06-05T00:45:00+00:00,Alan Hale Jr.,yes,https://www.slashfilm.com/2187350/alan-hale-jr-kirk-douglas-western-there-was-a-crooked-man/,,,,Gilligan-related; manual review required
Alan Hale Jr. Appeared In A War Movie That Star James Garner Absolutely Hated - SlashFilm,2026-06-06T10:45:00+00:00,Alan Hale Jr.,yes,https://www.slashfilm.com/2187786/alan-hale-jr-war-movie-james-garner-hated-up-periscope/,,,,Gilligan-related; manual review required
Gilligan's Island Star Tina Louise Was Lied To About Her Role Before Filming,2026-06-07T19:00:00+00:00,Tina Louise,yes,https://www.slashfilm.com/2188113/gilligans-island-star-tina-louise-lie-sign-contract/,,,,Gilligan-related; manual review required
"Before Gilligan's Island, Alan Hale Jr. Starred In Clint Eastwood's Legendary Western Series",2026-06-07T21:00:00+00:00,Alan Hale Jr.,yes,https://www.slashfilm.com/2187989/gilligans-island-alan-hale-jr-clint-eastwood-western-series-rawhide/,,,,Gilligan-related; manual review required
Why Now Is The Perfect Time For A Gilligan's Island Reboot Movie,2026-06-13T20:00:00+00:00,Gilligan's Island,yes,https://www.slashfilm.com/2192796/why-now-perfect-time-gilligans-island-reboot-movie/,,,,Gilligan-related; manual review required
"Alan Hale Jr.'s Final TV Role Was In A Short-Lived Murder, She Wrote Spin-Off",2026-06-17T21:00:00+00:00,Alan Hale Jr.,yes,https://www.slashfilm.com/2196124/alan-hale-jr-final-tv-show-murder-she-wrote-spin-off-the-law-and-harry-mcgraw/,,,,Gilligan-related; manual review required
Gregory Peck's Best Western Featured An Uncredited Appearance From Gilligan's Island Star Alan Hale Jr.,2026-06-21T15:00:00+00:00,Alan Hale Jr.,yes,https://www.slashfilm.com/2182811/gregory-peck-western-the-gunfighter-gilligans-island-alan-hale-jr-role/,,,,Gilligan-related; manual review required
Russell Johnson Had A Small Role In Clint Eastwood's Western Series Rawhide,2026-06-22T00:00:00+00:00,Russell Johnson,yes,https://www.slashfilm.com/2189874/russell-johnson-role-clint-eastwood-western-series-rawhide/,,,,Gilligan-related; manual review required
Alan Hale Jr. Had A Small Role In One Of Michael Keaton's Most Underrated Movies,2026-06-23T16:30:00+00:00,Alan Hale Jr.,yes,https://www.slashfilm.com/2199234/alan-hale-jr-michael-keaton-underrated-movie-johnny-dangerously/,,,,Gilligan-related; manual review required
Gilligan's Island Guest Star Roman Gabriel Loved One Thing About His Brief Appearance,2026-06-23T23:00:00+00:00,Gilligan's Island,yes,https://www.slashfilm.com/2198260/gilligans-island-guest-star-roman-gabriel-favorite-thing-meeting-mary-ann/,,,,Gilligan-related; manual review required
Gilligan's Island's Alan Hale Jr. Appeared In This Forgotten '70s Disney Crime Comedy,2026-06-27T10:45:00+00:00,Alan Hale Jr.,yes,https://www.slashfilm.com/2201079/gilligans-island-alan-hale-jr-forgotten-70s-crime-comedy-the-north-avenue-irregulars/,,,,Gilligan-related; manual review required
Gilligan's Island Star Alan Hale Jr. Played A Real-Life Outlaw In This 1957 Western,2026-06-30T14:00:00+00:00,Alan Hale Jr.,yes,https://www.slashfilm.com/2204508/gilligans-island-alan-hale-jr-real-life-outlaw-1957-western-the-true-story-of-jesse-james/,,,,Gilligan-related; manual review required
Alan Hale Jr. Played Villains On This Western Series Until A Tragedy Turned Him Into A Hero - SlashFilm,2026-07-05T15:00:00+00:00,Alan Hale Jr.,yes,https://www.slashfilm.com/2207432/alan-hale-jr-villain-western-series-the-gene-autry-show/,,,,Gilligan-related; manual review required
"5 Best Alan Hale Jr. Movies & TV Shows, Ranked",2026-07-05T17:00:00+00:00,Alan Hale Jr.,yes,https://www.slashfilm.com/2206424/best-alan-hale-jr-movies-tv-shows-ranked/,,,,Gilligan-related; manual review required
Frank Sinatra And Gilligan's Island Star Alan Hale Jr. Crossed Paths In This '50s Movie,2026-07-06T21:00:00+00:00,Alan Hale Jr.,yes,https://www.slashfilm.com/2209106/frank-sinatra-gilligans-island-alan-hale-jr-movie-young-at-heart/,,,,Gilligan-related; manual review required
"Every Gilligan's Island TV Movie, Ranked",2026-07-11T15:00:00+00:00,Gilligan's Island,yes,https://www.slashfilm.com/2211169/gilligans-island-tv-movies-ranked/,,,,Gilligan-related; manual review required
"Before Gilligan's Island, Alan Hale Jr. Appeared In A Forgotten John Wayne Flop",2026-07-11T20:00:00+00:00,Alan Hale Jr.,yes,https://www.slashfilm.com/2177279/gilligans-island-alan-hale-jr-john-wayne-flop-the-sea-chase/,,,,Gilligan-related; manual review required
One Of Gilligan's Island's Best Guest Stars Was Played By This Legendary Western Actor,2026-07-18T13:00:00+00:00,Gilligan's Island,yes,https://www.slashfilm.com/2215993/gilligans-island-guest-star-legendary-western-actor-strother-martin/,,,,Gilligan-related; manual review required
Russell Johnson's Favorite Gilligan's Island Episodes All Feature The Same Thing,2026-07-19T14:00:00+00:00,Russell Johnson,yes,https://www.slashfilm.com/2215512/russell-johnson-favorite-gilligans-island-episodes-dream-sequences/,,,,Gilligan-related; manual review required
Alan Hale Jr. Starred Opposite A Screen Legend In An Underrated Western Series - SlashFilm,2026-07-26T21:00:00+00:00,Alan Hale Jr.,yes,https://www.slashfilm.com/2212503/alan-hale-jr-steve-mcqueen-western-series-wanted-dead-or-alive/,,,,Gilligan-related; manual review required
Alan Hale Jr.'s Sci-Fi Horror Movie Streaming On Tubi Is A Fun '60s Throwback,2026-07-28T18:00:00+00:00,Alan Hale Jr.,yes,https://www.slashfilm.com/2224753/alan-hale-jr-sci-fi-horror-movie-the-crawling-hand-streaming-tubi/,,,,Gilligan-related; manual review required
Alan Hale Jr. Played Two Different Roles On The Hit ABC Sitcom The Love Boat - SlashFilm,2026-08-02T18:00:00+00:00,Alan Hale Jr.,yes,https://www.slashfilm.com/2227873/alan-hale-jr-different-roles-abc-sitcom-the-love-boat/,,,,Gilligan-related; manual review required
